genres,artists,acousticness,danceability,duration_ms,energy,instrumentalness,liveness,loudness,speechiness,tempo,valence,popularity,key,mode,count
['show tunes'],"""Cats"" 1981 Original London Cast",0.5901111111111111,0.4672222222222222,250318.5555555556,0.3940033333333333,0.011399851111111107,0.2908333333333333,-14.448,0.21038888888888888,117.51811111111112,0.3895,38.333333333333336,5,1,9
[],"""Cats"" 1983 Broadway Cast",0.8625384615384617,0.4417307692307693,287280.0,0.4068076923076923,0.08115826423076923,0.3152153846153846,-10.69,0.17621153846153847,103.04415384615385,0.2688653846153846,30.57692307692308,5,1,26
[],"""Fiddler On The Roof” Motion Picture Chorus",0.8565714285714285,0.34828571428571425,328920.0,0.2865714285714285,0.024592948571428568,0.3257857142857143,-15.230714285714285,0.1185142857142857,77.37585714285714,0.3548571428571429,34.857142857142854,0,1,7
[],"""Fiddler On The Roof” Motion Picture Orchestra",0.884925925925926,0.4250740740740739,262890.96296296304,0.2457703703703704,0.07358727925925927,0.2754814814814815,-15.639370370370367,0.12320000000000005,88.66762962962959,0.3720296296296296,34.85185185185185,0,1,27
[],"""Joseph And The Amazing Technicolor Dreamcoat"" 1991 London Cast",0.5107142857142857,0.4671428571428572,270436.14285714284,0.4882857142857143,0.00940029142857143,0.195,-10.236714285714287,0.09854285714285717,122.83585714285714,0.4822857142857143,43.0,5,1,7
