mode,genres,acousticness,danceability,duration_ms,energy,instrumentalness,liveness,loudness,speechiness,tempo,valence,popularity,key
1,21st century classical,0.9793333333333332,0.16288333333333335,160297.66666666663,0.07131666666666665,0.60683367,0.3616,-31.514333333333337,0.04056666666666667,75.3365,0.10378333333333334,27.83333333333333,6
1,432hz,0.49478,0.2993333333333333,1048887.333333333,0.4506783333333333,0.4777616666666668,0.131,-16.854,0.07681666666666667,120.28566666666666,0.22175,52.5,5
1,8-bit,0.762,0.7120000000000001,115177.0,0.818,0.8759999999999999,0.126,-9.18,0.047,133.444,0.975,48.0,7
1,[],0.6514170195595453,0.5290925603549332,232880.8902503945,0.4191460727353524,0.2053091895111363,0.21869585415040732,-12.288964675489455,0.10787155868681396,112.8573524318416,0.5136042963588958,20.859882191849056,7
1,a cappella,0.676557304985755,0.5389612464387464,190628.5408867521,0.3164335701566952,0.003003441440420227,0.1722541371082621,-12.479387421652426,0.08285143981481483,112.1103620014245,0.44824865455840457,45.82007122507122,7
