mode,year,acousticness,danceability,duration_ms,energy,instrumentalness,liveness,loudness,speechiness,tempo,valence,popularity,key
1,1921,0.8868960000000005,0.4185973333333336,260537.16666666663,0.2318151333333333,0.34487805886666656,0.20571,-17.04866666666665,0.073662,101.53149333333329,0.37932666666666665,0.6533333333333333,2
1,1922,0.9385915492957748,0.4820422535211267,165469.74647887325,0.237815352112676,0.4341948697183099,0.2407197183098592,-19.275281690140844,0.1166549295774648,100.88452112676056,0.5355492957746479,0.14084507042253522,10
1,1923,0.9572467913513516,0.5773405405405401,177942.36216216214,0.2624064864864865,0.37173272502702703,0.2274621621621621,-14.129210810810811,0.0939486486486487,114.0107297297297,0.6254924324324328,5.389189189189189,0
1,1924,0.940199860169493,0.5498940677966102,191046.70762711862,0.3443466101694912,0.5817009136440677,0.2352190677966101,-14.231343220338989,0.092089406779661,120.68957203389822,0.6637254237288139,0.6610169491525424,10
1,1925,0.9626070503597138,0.5738633093525181,184986.92446043165,0.2785935251798561,0.4182973612230215,0.2376679856115108,-14.14641366906474,0.11191798561151084,115.52192086330929,0.6219287769784171,2.6043165467625897,5
